{
	"providers": [
		{ "type": "space", "advances": { "\uE999": -8 } },
		{ "type": "bitmap", "ascent":  0, "height":  1, "chars": ["\uE990"], "file": "gui/filler.png" },
		
		{ "type": "bitmap", "ascent": 20, "height": 32, "chars": ["\uE906"], "file": "gui/title/game_menu.png" },
		{ "type": "bitmap", "ascent":  0, "height": 32, "chars": ["\uE907"], "file": "gui/title/paused.png" },
		{ "type": "bitmap", "ascent": 15, "height": 16, "chars": ["\uE908"], "file": "gui/title/you_died.png" },
		{ "type": "bitmap", "ascent": 15, "height": 16, "chars": ["\uE909"], "file": "gui/title/game_over.png" },
		
		{ "type": "bitmap", "ascent": 5, "height": 18, "chars": ["\uE901"], "file": "gui/bar_wither.png" },
		{ "type": "bitmap", "ascent": 5, "height": 18, "chars": ["\uE902"], "file": "gui/bar_dragon.png" },
		{ "type": "bitmap", "ascent": 5, "height": 18, "chars": ["\uE903"], "file": "gui/bar_raid.png" },
		
		{ "type": "bitmap", "ascent": 13, "height":166, "chars": ["\uE911"], "file": "gui/container/brewing_chart.png" },
		{ "type": "bitmap", "height": 90, "ascent": 14, "chars": ["\uE991"], "file": "gui/container/barrel.png" },
		{ "type": "bitmap", "height": 90, "ascent": 14, "chars": ["\uE992"], "file": "gui/container/chest_boat.png" },
		{ "type": "bitmap", "height": 90, "ascent": 14, "chars": ["\uE993"], "file": "gui/container/chest_minecart.png" },
		{ "type": "bitmap", "height": 73, "ascent": 12, "chars": ["\uE994"], "file": "gui/container/hopper_minecart.png" },
		{ "type": "bitmap", "height": 90, "ascent": 14, "chars": ["\uE995"], "file": "gui/container/chest_ender.png" },
		{ "type": "bitmap", "height": 73, "ascent": 12, "chars": ["\uE996"], "file": "gui/container/dropper.png" },
		{ "type": "bitmap", "height": 90, "ascent": 14, "chars": ["\uE997"], "file": "gui/container/chest.png" },
		{ "type": "bitmap", "height":144, "ascent": 14, "chars": ["\uE998"], "file": "gui/container/chest_large.png" },
		{ "type": "bitmap", "ascent":  8, "height": 64, "chars": ["\uE985"], "file": "gui/container/villager_stone.png" },
		{ "type": "bitmap", "ascent":  8, "height": 64, "chars": ["\uE986"], "file": "gui/container/villager_iron.png" },
		{ "type": "bitmap", "ascent":  8, "height": 64, "chars": ["\uE987"], "file": "gui/container/villager_gold.png" },
		{ "type": "bitmap", "ascent":  8, "height": 64, "chars": ["\uE988"], "file": "gui/container/villager_emerald.png" },
		{ "type": "bitmap", "ascent":  8, "height": 64, "chars": ["\uE989"], "file": "gui/container/villager_diamond.png" },
		{ "type": "bitmap", "height": 77, "ascent": 13, "chars": ["\uE97D"], "file": "gui/container/villager_trader.png" },
		
		{ "type": "bitmap", "ascent": 9, "height": 10, "chars": ["\uE897"], "file": "gui/peaceful.png" },
		{ "type": "bitmap", "ascent": 9, "height": 10, "chars": ["\uE898"], "file": "gui/easy.png" },
		{ "type": "bitmap", "ascent": 9, "height": 10, "chars": ["\uE899"], "file": "gui/normal.png" },
		{ "type": "bitmap", "ascent": 9, "height": 10, "chars": ["\uE900"], "file": "gui/hard.png" },
		
		{ "type": "bitmap", "height": 9, "ascent": 7, "chars": ["\uE97C"], "file": "gui/time.png" },
		
		{ "type": "bitmap", "ascent": 12, "height": 16, "chars": ["\uE841"], "file": "gui/amethyst.png" },
		{ "type": "bitmap", "ascent": 12, "height": 16, "chars": ["\uE945"], "file": "gui/copper.png" },
		{ "type": "bitmap", "ascent": 12, "height": 16, "chars": ["\uE904"], "file": "gui/diamond.png" },
		{ "type": "bitmap", "ascent": 12, "height": 16, "chars": ["\uE905"], "file": "gui/emerald.png" },
		{ "type": "bitmap", "ascent": 12, "height": 16, "chars": ["\uE929"], "file": "gui/gold.png" },
		{ "type": "bitmap", "ascent": 12, "height": 16, "chars": ["\uE940"], "file": "gui/iron.png" },
		{ "type": "bitmap", "ascent": 12, "height": 16, "chars": ["\uE941"], "file": "gui/lapis.png" },
		{ "type": "bitmap", "ascent": 12, "height": 16, "chars": ["\uE942"], "file": "gui/netherite.png" },
		{ "type": "bitmap", "ascent": 12, "height": 16, "chars": ["\uE943"], "file": "gui/quartz.png" },
		{ "type": "bitmap", "ascent": 12, "height": 16, "chars": ["\uE944"], "file": "gui/redstone.png" },
		
		{ "type": "bitmap", "height": 9, "ascent": 7, "chars": ["\uE83E"], "file": "gui/black.png" },
		{ "type": "bitmap", "height": 9, "ascent": 7, "chars": ["\uE83F"], "file": "gui/blue.png" },
		{ "type": "bitmap", "height": 9, "ascent": 7, "chars": ["\uE84A"], "file": "gui/brown.png" },
		{ "type": "bitmap", "height": 9, "ascent": 7, "chars": ["\uE84B"], "file": "gui/cyan.png" },
		{ "type": "bitmap", "height": 9, "ascent": 7, "chars": ["\uE84C"], "file": "gui/gray.png" },
		{ "type": "bitmap", "height": 9, "ascent": 7, "chars": ["\uE84D"], "file": "gui/green.png" },
		{ "type": "bitmap", "height": 9, "ascent": 7, "chars": ["\uE84E"], "file": "gui/light_blue.png" },
		{ "type": "bitmap", "height": 9, "ascent": 7, "chars": ["\uE84F"], "file": "gui/light_gray.png" },
		{ "type": "bitmap", "height": 9, "ascent": 7, "chars": ["\uE85A"], "file": "gui/lime.png" },
		{ "type": "bitmap", "height": 9, "ascent": 7, "chars": ["\uE85B"], "file": "gui/magenta.png" },
		{ "type": "bitmap", "height": 9, "ascent": 7, "chars": ["\uE85C"], "file": "gui/orange.png" },
		{ "type": "bitmap", "height": 9, "ascent": 7, "chars": ["\uE85D"], "file": "gui/pink.png" },
		{ "type": "bitmap", "height": 9, "ascent": 7, "chars": ["\uE85E"], "file": "gui/purple.png" },
		{ "type": "bitmap", "height": 9, "ascent": 7, "chars": ["\uE85F"], "file": "gui/red.png" },
		{ "type": "bitmap", "height": 9, "ascent": 7, "chars": ["\uE86A"], "file": "gui/white.png" },
		{ "type": "bitmap", "height": 9, "ascent": 7, "chars": ["\uE86B"], "file": "gui/yellow.png" },
		
		{ "type": "bitmap", "height": 9, "ascent": 7, "chars": ["\uE86C"], "file": "gui/firework/burst.png" },
		{ "type": "bitmap", "height": 9, "ascent": 7, "chars": ["\uE86D"], "file": "gui/firework/creeper.png" },
		{ "type": "bitmap", "height": 9, "ascent": 7, "chars": ["\uE86E"], "file": "gui/firework/custom_color.png" },
		{ "type": "bitmap", "height": 9, "ascent": 7, "chars": ["\uE86F"], "file": "gui/firework/fade_to.png" },
		{ "type": "bitmap", "height": 9, "ascent": 7, "chars": ["\uE87A"], "file": "gui/firework/large_ball.png" },
		{ "type": "bitmap", "height": 9, "ascent": 7, "chars": ["\uE87B"], "file": "gui/firework/small_ball.png" },
		{ "type": "bitmap", "height": 9, "ascent": 7, "chars": ["\uE87C"], "file": "gui/firework/star.png" },
		{ "type": "bitmap", "height": 9, "ascent": 7, "chars": ["\uE87D"], "file": "gui/firework/trail.png" },
		{ "type": "bitmap", "height": 9, "ascent": 7, "chars": ["\uE87E"], "file": "gui/firework/twinkle.png" },
		{ "type": "bitmap", "height": 9, "ascent": 7, "chars": ["\uE87F"], "file": "gui/firework/unknown.png" },
		
		{ "type": "bitmap", "ascent": 13, "height": 16, "chars": ["\uE983"], "file": "gui/folder.png" },
		{ "type": "bitmap", "ascent": 12, "height": 16, "chars": ["\uE893"], "file": "gui/ui/achievements.png" },
		{ "type": "bitmap", "ascent": 12, "height": 16, "chars": ["\uE894"], "file": "gui/ui/statistics.png" },
		{ "type": "bitmap", "ascent": 12, "height": 16, "chars": ["\uE895"], "file": "gui/ui/feedback.png" },
		{ "type": "bitmap", "ascent": 12, "height": 16, "chars": ["\uE896"], "file": "gui/ui/report.png" },
		{ "type": "bitmap", "ascent": 12, "height": 16, "chars": ["\uE930"], "file": "gui/ui/options.png" },
		{ "type": "bitmap", "ascent": 12, "height": 16, "chars": ["\uE931"], "file": "gui/ui/lan.png" },
		{ "type": "bitmap", "ascent": 12, "height": 16, "chars": ["\uE932"], "file": "gui/ui/skin.png" },
		{ "type": "bitmap", "ascent": 12, "height": 16, "chars": ["\uE933"], "file": "gui/ui/music.png" },
		{ "type": "bitmap", "ascent": 12, "height": 16, "chars": ["\uE934"], "file": "gui/ui/video.png" },
		{ "type": "bitmap", "ascent": 12, "height": 16, "chars": ["\uE935"], "file": "gui/ui/controls.png" },
		{ "type": "bitmap", "ascent": 12, "height": 16, "chars": ["\uE936"], "file": "gui/ui/language.png" },
		{ "type": "bitmap", "ascent": 12, "height": 16, "chars": ["\uE937"], "file": "gui/ui/chat.png" },
		{ "type": "bitmap", "ascent": 12, "height": 16, "chars": ["\uE938"], "file": "gui/ui/resource_packs.png" },
		{ "type": "bitmap", "ascent": 12, "height": 16, "chars": ["\uE939"], "file": "gui/ui/accessibility.png" },
		
		{ "type": "bitmap", "ascent": 12, "height": 16, "chars": ["\uE971"], "file": "gui/shift.png" },
		{ "type": "bitmap", "ascent": 12, "height": 16, "chars": ["\uE973"], "file": "gui/ctrl.png" },
		{ "type": "bitmap", "ascent": 12, "height": 16, "chars": ["\uE974"], "file": "gui/alt.png" },
				
		{ "type": "bitmap", "height": 12, "ascent": 9, "chars": ["\uE94D"], "file": "gui/command_impulse.png" },
		{ "type": "bitmap", "height": 12, "ascent": 9, "chars": ["\uE94E"], "file": "gui/command_chain.png" },
		{ "type": "bitmap", "height": 12, "ascent": 9, "chars": ["\uE94F"], "file": "gui/command_repeat.png" },
		{ "type": "bitmap", "height": 12, "ascent": 9, "chars": ["\uE95A"], "file": "gui/command_unconditional.png" },
		{ "type": "bitmap", "height": 12, "ascent": 9, "chars": ["\uE95B"], "file": "gui/command_conditional.png" },
		{ "type": "bitmap", "height": 12, "ascent": 9, "chars": ["\uE95C"], "file": "gui/command_redstone.png" },
		{ "type": "bitmap", "height": 12, "ascent": 9, "chars": ["\uE95D"], "file": "gui/command_active.png" },
		
		{ "type": "bitmap", "height": 12, "ascent": 11, "chars": ["\uE95E"], "file": "gui/structure_bounding.png" },
		{ "type": "bitmap", "height": 12, "ascent":  9, "chars": ["\uE95F"], "file": "gui/structure_corner.png" },
		{ "type": "bitmap", "height": 12, "ascent":  9, "chars": ["\uE96A"], "file": "gui/structure_data.png" },
		{ "type": "bitmap", "height": 12, "ascent": 11, "chars": ["\uE96B"], "file": "gui/structure_detect.png" },
		{ "type": "bitmap", "height": 12, "ascent": 11, "chars": ["\uE96C"], "file": "gui/structure_entities.png" },
		{ "type": "bitmap", "height": 12, "ascent": 11, "chars": ["\uE96D"], "file": "gui/structure_invisible_blocks.png" },
		{ "type": "bitmap", "height": 12, "ascent":  9, "chars": ["\uE96E"], "file": "gui/structure_load.png" },
		{ "type": "bitmap", "height": 12, "ascent": 11, "chars": ["\uE96F"], "file": "gui/structure_position.png" },
		{ "type": "bitmap", "height": 12, "ascent":  9, "chars": ["\uE97A"], "file": "gui/structure_save.png" },
		{ "type": "bitmap", "height": 12, "ascent": 11, "chars": ["\uE97B"], "file": "gui/structure_size.png" },
		
		{ "type": "bitmap", "ascent": 8, "height": 12, "chars": ["\uE822"], "file": "gui/slab/brick_slab.png" },
		{ "type": "bitmap", "ascent": 8, "height": 12, "chars": ["\uE823"], "file": "gui/slab/cobblestone_slab.png" },
		{ "type": "bitmap", "ascent": 8, "height": 12, "chars": ["\uE824"], "file": "gui/slab/cut_copper_slab.png" },
		{ "type": "bitmap", "ascent": 8, "height": 12, "chars": ["\uE825"], "file": "gui/slab/cut_red_sandstone_slab.png" },
		{ "type": "bitmap", "ascent": 8, "height": 12, "chars": ["\uE826"], "file": "gui/slab/cut_sandstone_slab.png" },
		{ "type": "bitmap", "ascent": 8, "height": 12, "chars": ["\uE827"], "file": "gui/slab/exposed_cut_copper_slab.png" },
		{ "type": "bitmap", "ascent": 8, "height": 12, "chars": ["\uE828"], "file": "gui/slab/jungle_slab.png" },
		{ "type": "bitmap", "ascent": 8, "height": 12, "chars": ["\uE829"], "file": "gui/slab/nether_brick_slab.png" },
		{ "type": "bitmap", "ascent": 8, "height": 12, "chars": ["\uE830"], "file": "gui/slab/oxidized_cut_copper_slab.png" },
		{ "type": "bitmap", "ascent": 8, "height": 12, "chars": ["\uE831"], "file": "gui/slab/polished_andesite_slab.png" },
		{ "type": "bitmap", "ascent": 8, "height": 12, "chars": ["\uE832"], "file": "gui/slab/polished_diorite_slab.png" },
		{ "type": "bitmap", "ascent": 8, "height": 12, "chars": ["\uE833"], "file": "gui/slab/polished_granite_slab.png" },
		{ "type": "bitmap", "ascent": 8, "height": 12, "chars": ["\uE834"], "file": "gui/slab/prismarine_brick_slab.png" },
		{ "type": "bitmap", "ascent": 8, "height": 12, "chars": ["\uE835"], "file": "gui/slab/quartz_slab.png" },
		{ "type": "bitmap", "ascent": 8, "height": 12, "chars": ["\uE836"], "file": "gui/slab/red_sandstone_slab.png" },
		{ "type": "bitmap", "ascent": 8, "height": 12, "chars": ["\uE837"], "file": "gui/slab/sandstone_slab.png" },
		{ "type": "bitmap", "ascent": 8, "height": 12, "chars": ["\uE838"], "file": "gui/slab/smooth_stone_slab.png" },
		{ "type": "bitmap", "ascent": 8, "height": 12, "chars": ["\uE839"], "file": "gui/slab/weathered_cut_copper_slab.png" },
		{ "type": "bitmap", "ascent": 8, "height": 12, "chars": ["\uE840"], "file": "gui/slab/mossy_cobblestone_slab.png" },
		{ "type": "bitmap", "ascent": 8, "height": 12, "chars": ["\uE842"], "file": "gui/slab/deepslate_tile_slab.png" },
		{ "type": "bitmap", "ascent": 8, "height": 12, "chars": ["\uE843"], "file": "gui/slab/polished_deepslate_slab.png" },
		{ "type": "bitmap", "ascent": 8, "height": 12, "chars": ["\uE844"], "file": "gui/slab/polished_blackstone_slab.png" },
		{ "type": "bitmap", "ascent": 8, "height": 12, "chars": ["\uE845"], "file": "gui/slab/purpur_slab.png" },
		{ "type": "bitmap", "ascent": 8, "height": 12, "chars": ["\uE846"], "file": "gui/slab/oak_slab.png" },
		{ "type": "bitmap", "ascent": 8, "height": 12, "chars": ["\uE847"], "file": "gui/slab/birch_slab.png" },
		{ "type": "bitmap", "ascent": 8, "height": 12, "chars": ["\uE848"], "file": "gui/slab/spruce_slab.png" },
		{ "type": "bitmap", "ascent": 8, "height": 12, "chars": ["\uE849"], "file": "gui/slab/acacia_slab.png" },
		{ "type": "bitmap", "ascent": 8, "height": 12, "chars": ["\uE850"], "file": "gui/slab/dark_oak_slab.png" },
		{ "type": "bitmap", "ascent": 8, "height": 12, "chars": ["\uE890"], "file": "gui/slab/crimson_slab.png" },
		{ "type": "bitmap", "ascent": 8, "height": 12, "chars": ["\uE891"], "file": "gui/slab/warped_slab.png" },
		{ "type": "bitmap", "ascent": 8, "height": 12, "chars": ["\uE892"], "file": "gui/slab/prismarine_slab.png" },
		{ "type": "bitmap", "ascent": 8, "height": 12, "chars": ["\uE910"], "file": "gui/slab/mangrove_slab.png" },
		{ "type": "bitmap", "ascent": 8, "height": 12, "chars": ["\uE912"], "file": "gui/slab/stone_brick_slab.png" },
		{ "type": "bitmap", "ascent": 8, "height": 12, "chars": ["\uE913"], "file": "gui/slab/red_nether_brick_slab.png" },
		{ "type": "bitmap", "ascent": 8, "height": 12, "chars": ["\uE914"], "file": "gui/slab/end_stone_brick_slab.png" },
		{ "type": "bitmap", "ascent": 8, "height": 12, "chars": ["\uE915"], "file": "gui/slab/polished_blackstone_brick_slab.png" },
		{ "type": "bitmap", "ascent": 8, "height": 12, "chars": ["\uE916"], "file": "gui/slab/mossy_stone_brick_slab.png" },
		{ "type": "bitmap", "ascent": 8, "height": 12, "chars": ["\uE917"], "file": "gui/slab/deepslate_brick_slab.png" },
		{ "type": "bitmap", "ascent": 8, "height": 12, "chars": ["\uE918"], "file": "gui/slab/cobbled_deepslate_slab.png" },
		{ "type": "bitmap", "ascent": 8, "height": 12, "chars": ["\uE919"], "file": "gui/slab/dark_prismarine_slab.png" },
		{ "type": "bitmap", "ascent": 8, "height": 12, "chars": ["\uE920"], "file": "gui/slab/smooth_sandstone_slab.png" },
		{ "type": "bitmap", "ascent": 8, "height": 12, "chars": ["\uE921"], "file": "gui/slab/smooth_red_sandstone_slab.png" },
		{ "type": "bitmap", "ascent": 8, "height": 12, "chars": ["\uE922"], "file": "gui/slab/stone_slab.png" },
		{ "type": "bitmap", "ascent": 8, "height": 12, "chars": ["\uE923"], "file": "gui/slab/smooth_quartz_slab.png" },
		{ "type": "bitmap", "ascent": 8, "height": 12, "chars": ["\uE924"], "file": "gui/slab/blackstone_slab.png" },
		{ "type": "bitmap", "ascent": 8, "height": 12, "chars": ["\uE925"], "file": "gui/slab/granite_slab.png" },
		{ "type": "bitmap", "ascent": 8, "height": 12, "chars": ["\uE926"], "file": "gui/slab/diorite_slab.png" },
		{ "type": "bitmap", "ascent": 8, "height": 12, "chars": ["\uE927"], "file": "gui/slab/andesite_slab.png" },
		{ "type": "bitmap", "ascent": 8, "height": 12, "chars": ["\uE928"], "file": "gui/slab/mud_brick_slab.png" },
		{ "type": "bitmap", "ascent": 8, "height": 12, "chars": ["\uE969"], "file": "gui/slab/bamboo_planks_slab.png" },
		{ "type": "bitmap", "ascent": 8, "height": 12, "chars": ["\uE970"], "file": "gui/slab/bamboo_mosaic_slab.png" },
		{ "type": "bitmap", "ascent": 8, "height": 12, "chars": ["\uE975"], "file": "gui/slab/cherry_slab.png" },
		{ "type": "bitmap", "ascent": 8, "height": 12, "chars": ["\uE97E"], "file": "gui/slab/tuff_slab.png" },
		{ "type": "bitmap", "ascent": 8, "height": 12, "chars": ["\uE97F"], "file": "gui/slab/tuff_brick_slab.png" },
		{ "type": "bitmap", "ascent": 8, "height": 12, "chars": ["\uE98A"], "file": "gui/slab/polished_tuff_slab.png" },
		
		{ "type": "bitmap", "ascent": 12, "height": 17, "chars": ["\uE782"], "file": "gui/hunger/apple.png" },
		{ "type": "bitmap", "ascent": 12, "height": 17, "chars": ["\uE783"], "file": "gui/hunger/baked_potato.png" },
		{ "type": "bitmap", "ascent": 12, "height": 17, "chars": ["\uE784"], "file": "gui/hunger/beetroot.png" },
		{ "type": "bitmap", "ascent": 12, "height": 17, "chars": ["\uE785"], "file": "gui/hunger/beetroot_stew.png" },
		{ "type": "bitmap", "ascent": 12, "height": 17, "chars": ["\uE786"], "file": "gui/hunger/bread.png" },
		{ "type": "bitmap", "ascent": 12, "height": 17, "chars": ["\uE787"], "file": "gui/hunger/cake.png" },
		{ "type": "bitmap", "ascent": 12, "height": 17, "chars": ["\uE788"], "file": "gui/hunger/carrot.png" },
		{ "type": "bitmap", "ascent": 12, "height": 33, "chars": ["\uE789"], "file": "gui/hunger/chorus_fruit.png" },
		{ "type": "bitmap", "ascent": 12, "height": 17, "chars": ["\uE790"], "file": "gui/hunger/cooked_beef.png" },
		{ "type": "bitmap", "ascent": 12, "height": 17, "chars": ["\uE791"], "file": "gui/hunger/cooked_chicken.png" },
		{ "type": "bitmap", "ascent": 12, "height": 17, "chars": ["\uE792"], "file": "gui/hunger/cooked_cod.png" },
		{ "type": "bitmap", "ascent": 12, "height": 17, "chars": ["\uE793"], "file": "gui/hunger/cooked_mutton.png" },
		{ "type": "bitmap", "ascent": 12, "height": 17, "chars": ["\uE794"], "file": "gui/hunger/cooked_porkchop.png" },
		{ "type": "bitmap", "ascent": 12, "height": 17, "chars": ["\uE795"], "file": "gui/hunger/cooked_rabbit.png" },
		{ "type": "bitmap", "ascent": 12, "height": 17, "chars": ["\uE796"], "file": "gui/hunger/cooked_salmon.png" },
		{ "type": "bitmap", "ascent": 12, "height": 17, "chars": ["\uE797"], "file": "gui/hunger/cookie.png" },
		{ "type": "bitmap", "ascent": 12, "height": 17, "chars": ["\uE798"], "file": "gui/hunger/dried_kelp.png" },
		{ "type": "bitmap", "ascent": 12, "height": 33, "chars": ["\uE799"], "file": "gui/hunger/enchanted_golden_apple.png" },
		{ "type": "bitmap", "ascent": 12, "height": 17, "chars": ["\uE800"], "file": "gui/hunger/glow_berries.png" },
		{ "type": "bitmap", "ascent": 12, "height": 33, "chars": ["\uE801"], "file": "gui/hunger/golden_apple.png" },
		{ "type": "bitmap", "ascent": 12, "height": 17, "chars": ["\uE802"], "file": "gui/hunger/honey_bottle.png" },
		{ "type": "bitmap", "ascent": 12, "height": 17, "chars": ["\uE803"], "file": "gui/hunger/melon_slice.png" },
		{ "type": "bitmap", "ascent": 12, "height": 17, "chars": ["\uE804"], "file": "gui/hunger/mushroom_stew.png" },
		{ "type": "bitmap", "ascent": 12, "height": 17, "chars": ["\uE805"], "file": "gui/hunger/poisonous_potato.png" },
		{ "type": "bitmap", "ascent": 12, "height": 17, "chars": ["\uE806"], "file": "gui/hunger/potato.png" },
		{ "type": "bitmap", "ascent": 12, "height": 33, "chars": ["\uE807"], "file": "gui/hunger/pufferfish.png" },
		{ "type": "bitmap", "ascent": 12, "height": 17, "chars": ["\uE808"], "file": "gui/hunger/pumpkin_pie.png" },
		{ "type": "bitmap", "ascent": 12, "height": 17, "chars": ["\uE809"], "file": "gui/hunger/rabbit_stew.png" },
		{ "type": "bitmap", "ascent": 12, "height": 17, "chars": ["\uE810"], "file": "gui/hunger/raw_beef.png" },
		{ "type": "bitmap", "ascent": 12, "height": 33, "chars": ["\uE811"], "file": "gui/hunger/raw_chicken.png" },
		{ "type": "bitmap", "ascent": 12, "height": 17, "chars": ["\uE812"], "file": "gui/hunger/raw_cod.png" },
		{ "type": "bitmap", "ascent": 12, "height": 17, "chars": ["\uE813"], "file": "gui/hunger/raw_mutton.png" },
		{ "type": "bitmap", "ascent": 12, "height": 17, "chars": ["\uE814"], "file": "gui/hunger/raw_porkchop.png" },
		{ "type": "bitmap", "ascent": 12, "height": 17, "chars": ["\uE815"], "file": "gui/hunger/raw_rabbit.png" },
		{ "type": "bitmap", "ascent": 12, "height": 17, "chars": ["\uE816"], "file": "gui/hunger/raw_salmon.png" },
		{ "type": "bitmap", "ascent": 12, "height": 33, "chars": ["\uE817"], "file": "gui/hunger/rotten_flesh.png" },
		{ "type": "bitmap", "ascent": 12, "height": 33, "chars": ["\uE818"], "file": "gui/hunger/spider_eye.png" },
		{ "type": "bitmap", "ascent": 12, "height": 17, "chars": ["\uE819"], "file": "gui/hunger/suspicious_stew.png" },
		{ "type": "bitmap", "ascent": 12, "height": 17, "chars": ["\uE820"], "file": "gui/hunger/sweet_berries.png" },
		{ "type": "bitmap", "ascent": 12, "height": 17, "chars": ["\uE821"], "file": "gui/hunger/tropical_fish.png" },
		{ "type": "bitmap", "ascent": 12, "height": 17, "chars": ["\uE889"], "file": "gui/hunger/golden_carrot.png" },
		
		{ "type": "bitmap", "ascent": 8, "height": 10, "chars": ["\uE851"], "file": "gui/enchant/sharpness.png" },
		{ "type": "bitmap", "ascent": 8, "height": 10, "chars": ["\uE852"], "file": "gui/enchant/smite.png" },
		{ "type": "bitmap", "ascent": 8, "height": 10, "chars": ["\uE853"], "file": "gui/enchant/bane_of_arthropods.png" },
		{ "type": "bitmap", "ascent": 8, "height": 10, "chars": ["\uE854"], "file": "gui/enchant/knockback.png" },
		{ "type": "bitmap", "ascent": 8, "height": 10, "chars": ["\uE855"], "file": "gui/enchant/fire_aspect.png" },
		{ "type": "bitmap", "ascent": 8, "height": 10, "chars": ["\uE856"], "file": "gui/enchant/sweeping_edge.png" },
		{ "type": "bitmap", "ascent": 8, "height": 10, "chars": ["\uE857"], "file": "gui/enchant/protection.png" },
		{ "type": "bitmap", "ascent": 8, "height": 10, "chars": ["\uE858"], "file": "gui/enchant/fire_protection.png" },
		{ "type": "bitmap", "ascent": 8, "height": 10, "chars": ["\uE859"], "file": "gui/enchant/feather_falling.png" },
		{ "type": "bitmap", "ascent": 8, "height": 10, "chars": ["\uE860"], "file": "gui/enchant/blast_protection.png" },
		{ "type": "bitmap", "ascent": 8, "height": 10, "chars": ["\uE861"], "file": "gui/enchant/projectile_protection.png" },
		{ "type": "bitmap", "ascent": 8, "height": 10, "chars": ["\uE862"], "file": "gui/enchant/respiration.png" },
		{ "type": "bitmap", "ascent": 8, "height": 10, "chars": ["\uE863"], "file": "gui/enchant/aqua_affinity.png" },
		{ "type": "bitmap", "ascent": 8, "height": 10, "chars": ["\uE864"], "file": "gui/enchant/depth_strider.png" },
		{ "type": "bitmap", "ascent": 8, "height": 10, "chars": ["\uE865"], "file": "gui/enchant/frost_walker.png" },
		{ "type": "bitmap", "ascent": 8, "height": 10, "chars": ["\uE866"], "file": "gui/enchant/soul_speed.png" },
		{ "type": "bitmap", "ascent": 8, "height": 10, "chars": ["\uE867"], "file": "gui/enchant/efficiency.png" },
		{ "type": "bitmap", "ascent": 8, "height": 10, "chars": ["\uE868"], "file": "gui/enchant/silk_touch.png" },
		{ "type": "bitmap", "ascent": 8, "height": 10, "chars": ["\uE869"], "file": "gui/enchant/unbreaking.png" },
		{ "type": "bitmap", "ascent": 8, "height": 10, "chars": ["\uE870"], "file": "gui/enchant/looting.png" },
		{ "type": "bitmap", "ascent": 8, "height": 10, "chars": ["\uE871"], "file": "gui/enchant/fortune.png" },
		{ "type": "bitmap", "ascent": 8, "height": 10, "chars": ["\uE872"], "file": "gui/enchant/luck_of_the_sea.png" },
		{ "type": "bitmap", "ascent": 8, "height": 10, "chars": ["\uE873"], "file": "gui/enchant/lure.png" },
		{ "type": "bitmap", "ascent": 8, "height": 10, "chars": ["\uE874"], "file": "gui/enchant/power.png" },
		{ "type": "bitmap", "ascent": 8, "height": 10, "chars": ["\uE875"], "file": "gui/enchant/flame.png" },
		{ "type": "bitmap", "ascent": 8, "height": 10, "chars": ["\uE876"], "file": "gui/enchant/punch.png" },
		{ "type": "bitmap", "ascent": 8, "height": 10, "chars": ["\uE877"], "file": "gui/enchant/infinity.png" },
		{ "type": "bitmap", "ascent": 8, "height": 10, "chars": ["\uE878"], "file": "gui/enchant/thorns.png" },
		{ "type": "bitmap", "ascent": 8, "height": 10, "chars": ["\uE879"], "file": "gui/enchant/mending.png" },
		{ "type": "bitmap", "ascent": 8, "height": 10, "chars": ["\uE880"], "file": "gui/enchant/curse_of_binding.png" },
		{ "type": "bitmap", "ascent": 8, "height": 10, "chars": ["\uE881"], "file": "gui/enchant/curse_of_vanishing.png" },
		{ "type": "bitmap", "ascent": 8, "height": 10, "chars": ["\uE882"], "file": "gui/enchant/loyalty.png" },
		{ "type": "bitmap", "ascent": 8, "height": 10, "chars": ["\uE883"], "file": "gui/enchant/impaling.png" },
		{ "type": "bitmap", "ascent": 8, "height": 10, "chars": ["\uE884"], "file": "gui/enchant/riptide.png" },
		{ "type": "bitmap", "ascent": 8, "height": 10, "chars": ["\uE885"], "file": "gui/enchant/channeling.png" },
		{ "type": "bitmap", "ascent": 8, "height": 10, "chars": ["\uE886"], "file": "gui/enchant/multishot.png" },
		{ "type": "bitmap", "ascent": 8, "height": 10, "chars": ["\uE887"], "file": "gui/enchant/quick_charge.png" },
		{ "type": "bitmap", "ascent": 8, "height": 10, "chars": ["\uE888"], "file": "gui/enchant/piercing.png" },
		{ "type": "bitmap", "ascent": 8, "height": 10, "chars": ["\uE972"], "file": "gui/enchant/swift_sneak.png" },
		
		{ "type": "bitmap", "height": 8, "ascent": 6, "chars": ["\uE91C"], "file": "gui/effect/blindness.png" },
		{ "type": "bitmap", "height": 8, "ascent": 6, "chars": ["\uE91D"], "file": "gui/effect/fire_resistance.png" },
		{ "type": "bitmap", "height": 8, "ascent": 6, "chars": ["\uE91E"], "file": "gui/effect/instant_damage.png" },
		{ "type": "bitmap", "height": 8, "ascent": 6, "chars": ["\uE91F"], "file": "gui/effect/instant_health.png" },
		{ "type": "bitmap", "height": 8, "ascent": 6, "chars": ["\uE92A"], "file": "gui/effect/invisibility.png" },
		{ "type": "bitmap", "height": 8, "ascent": 6, "chars": ["\uE92B"], "file": "gui/effect/jump_boost.png" },
		{ "type": "bitmap", "height": 8, "ascent": 6, "chars": ["\uE92C"], "file": "gui/effect/luck.png" },
		{ "type": "bitmap", "height": 8, "ascent": 6, "chars": ["\uE92D"], "file": "gui/effect/night_vision.png" },
		{ "type": "bitmap", "height": 8, "ascent": 6, "chars": ["\uE92E"], "file": "gui/effect/poison.png" },
		{ "type": "bitmap", "height": 8, "ascent": 6, "chars": ["\uE92F"], "file": "gui/effect/regeneration.png" },
		{ "type": "bitmap", "height": 8, "ascent": 6, "chars": ["\uE93A"], "file": "gui/effect/resistance.png" },
		{ "type": "bitmap", "height": 8, "ascent": 6, "chars": ["\uE93B"], "file": "gui/effect/slow_falling.png" },
		{ "type": "bitmap", "height": 8, "ascent": 6, "chars": ["\uE93C"], "file": "gui/effect/slowness.png" },
		{ "type": "bitmap", "height": 8, "ascent": 6, "chars": ["\uE93D"], "file": "gui/effect/speed.png" },
		{ "type": "bitmap", "height": 8, "ascent": 6, "chars": ["\uE93E"], "file": "gui/effect/strength.png" },
		{ "type": "bitmap", "height": 8, "ascent": 6, "chars": ["\uE93F"], "file": "gui/effect/saturation.png" },
		{ "type": "bitmap", "height": 8, "ascent": 6, "chars": ["\uE94A"], "file": "gui/effect/water_breathing.png" },
		{ "type": "bitmap", "height": 8, "ascent": 6, "chars": ["\uE94B"], "file": "gui/effect/weakness.png" },
		{ "type": "bitmap", "height": 8, "ascent": 6, "chars": ["\uE94C"], "file": "gui/effect/wither.png" },
		{ "type": "bitmap", "height": 8, "ascent": 6, "chars": ["\uE9A0"], "file": "gui/effect/weaving.png" },
		{ "type": "bitmap", "height": 8, "ascent": 6, "chars": ["\uE9A1"], "file": "gui/effect/oozing.png" },
		{ "type": "bitmap", "height": 8, "ascent": 6, "chars": ["\uE9A2"], "file": "gui/effect/bad_omen.png" },
		{ "type": "bitmap", "height": 8, "ascent": 6, "chars": ["\uE9A3"], "file": "gui/effect/wind_charged.png" },
		{ "type": "bitmap", "height": 8, "ascent": 6, "chars": ["\uE9A4"], "file": "gui/effect/infestation.png" },
		
		{ "type": "bitmap", "ascent": 13, "height": 16, "chars": ["\uE946"], "file": "gui/painting/alban.png" },
		{ "type": "bitmap", "ascent": 13, "height": 16, "chars": ["\uE947"], "file": "gui/painting/aztec.png" },
		{ "type": "bitmap", "ascent": 13, "height": 16, "chars": ["\uE948"], "file": "gui/painting/aztec2.png" },
		{ "type": "bitmap", "ascent": 13, "height": 16, "chars": ["\uE949"], "file": "gui/painting/bomb.png" },
		{ "type": "bitmap", "ascent": 13, "height": 16, "chars": ["\uE950"], "file": "gui/painting/burning_skull.png" },
		{ "type": "bitmap", "ascent": 13, "height": 16, "chars": ["\uE951"], "file": "gui/painting/bust.png" },
		{ "type": "bitmap", "ascent": 13, "height": 16, "chars": ["\uE952"], "file": "gui/painting/courbet.png" },
		{ "type": "bitmap", "ascent": 13, "height": 16, "chars": ["\uE953"], "file": "gui/painting/creebet.png" },
		{ "type": "bitmap", "ascent": 13, "height": 16, "chars": ["\uE954"], "file": "gui/painting/donkey_kong.png" },
		{ "type": "bitmap", "ascent": 13, "height": 16, "chars": ["\uE955"], "file": "gui/painting/earth.png" },
		{ "type": "bitmap", "ascent": 13, "height": 16, "chars": ["\uE956"], "file": "gui/painting/fighters.png" },
		{ "type": "bitmap", "ascent": 13, "height": 16, "chars": ["\uE957"], "file": "gui/painting/fire.png" },
		{ "type": "bitmap", "ascent": 13, "height": 16, "chars": ["\uE958"], "file": "gui/painting/graham.png" },
		{ "type": "bitmap", "ascent": 13, "height": 16, "chars": ["\uE959"], "file": "gui/painting/kebab.png" },
		{ "type": "bitmap", "ascent": 13, "height": 16, "chars": ["\uE960"], "file": "gui/painting/match.png" },
		{ "type": "bitmap", "ascent": 13, "height": 16, "chars": ["\uE961"], "file": "gui/painting/pigscene.png" },
		{ "type": "bitmap", "ascent": 13, "height": 16, "chars": ["\uE962"], "file": "gui/painting/plant.png" },
		{ "type": "bitmap", "ascent": 13, "height": 16, "chars": ["\uE963"], "file": "gui/painting/pointer.png" },
		{ "type": "bitmap", "ascent": 13, "height": 16, "chars": ["\uE964"], "file": "gui/painting/pool.png" },
		{ "type": "bitmap", "ascent": 13, "height": 16, "chars": ["\uE965"], "file": "gui/painting/sea.png" },
		{ "type": "bitmap", "ascent": 13, "height": 16, "chars": ["\uE966"], "file": "gui/painting/skeleton.png" },
		{ "type": "bitmap", "ascent": 13, "height": 16, "chars": ["\uE967"], "file": "gui/painting/skull_and_roses.png" },
		{ "type": "bitmap", "ascent": 13, "height": 16, "chars": ["\uE968"], "file": "gui/painting/stage.png" },
		{ "type": "bitmap", "ascent": 13, "height": 16, "chars": ["\uE982"], "file": "gui/painting/sunset.png" },
		{ "type": "bitmap", "ascent": 13, "height": 16, "chars": ["\uE976"], "file": "gui/painting/void.png" },
		{ "type": "bitmap", "ascent": 13, "height": 16, "chars": ["\uE977"], "file": "gui/painting/wanderer.png" },
		{ "type": "bitmap", "ascent": 13, "height": 16, "chars": ["\uE978"], "file": "gui/painting/wasteland.png" },
		{ "type": "bitmap", "ascent": 13, "height": 16, "chars": ["\uE979"], "file": "gui/painting/water.png" },
		{ "type": "bitmap", "ascent": 13, "height": 16, "chars": ["\uE980"], "file": "gui/painting/wind.png" },
		{ "type": "bitmap", "ascent": 13, "height": 16, "chars": ["\uE981"], "file": "gui/painting/wither.png" },
		
		{ "type": "bitmap", "height": 12, "ascent": 10, "chars": ["\uE88A"], "file": "gui/pot/angler.png" },
		{ "type": "bitmap", "height": 12, "ascent": 10, "chars": ["\uE88B"], "file": "gui/pot/archer.png" },
		{ "type": "bitmap", "height": 12, "ascent": 10, "chars": ["\uE88C"], "file": "gui/pot/arms_up.png" },
		{ "type": "bitmap", "height": 12, "ascent": 10, "chars": ["\uE88D"], "file": "gui/pot/blade.png" },
		{ "type": "bitmap", "height": 12, "ascent": 10, "chars": ["\uE88E"], "file": "gui/pot/brewer.png" },
		{ "type": "bitmap", "height": 12, "ascent": 10, "chars": ["\uE88F"], "file": "gui/pot/burn.png" },
		{ "type": "bitmap", "height": 12, "ascent": 10, "chars": ["\uE89A"], "file": "gui/pot/danger.png" },
		{ "type": "bitmap", "height": 12, "ascent": 10, "chars": ["\uE89B"], "file": "gui/pot/explorer.png" },
		{ "type": "bitmap", "height": 12, "ascent": 10, "chars": ["\uE89C"], "file": "gui/pot/friend.png" },
		{ "type": "bitmap", "height": 12, "ascent": 10, "chars": ["\uE89D"], "file": "gui/pot/heart.png" },
		{ "type": "bitmap", "height": 12, "ascent": 10, "chars": ["\uE89E"], "file": "gui/pot/heartbreak.png" },
		{ "type": "bitmap", "height": 12, "ascent": 10, "chars": ["\uE89F"], "file": "gui/pot/howl.png" },
		{ "type": "bitmap", "height": 12, "ascent": 10, "chars": ["\uE90A"], "file": "gui/pot/miner.png" },
		{ "type": "bitmap", "height": 12, "ascent": 10, "chars": ["\uE90B"], "file": "gui/pot/mourner.png" },
		{ "type": "bitmap", "height": 12, "ascent": 10, "chars": ["\uE90C"], "file": "gui/pot/plenty.png" },
		{ "type": "bitmap", "height": 12, "ascent": 10, "chars": ["\uE90D"], "file": "gui/pot/prize.png" },
		{ "type": "bitmap", "height": 12, "ascent": 10, "chars": ["\uE90E"], "file": "gui/pot/sheaf.png" },
		{ "type": "bitmap", "height": 12, "ascent": 10, "chars": ["\uE90F"], "file": "gui/pot/shelter.png" },
		{ "type": "bitmap", "height": 12, "ascent": 10, "chars": ["\uE91A"], "file": "gui/pot/skull.png" },
		{ "type": "bitmap", "height": 12, "ascent": 10, "chars": ["\uE91B"], "file": "gui/pot/snort.png" },
		{ "type": "bitmap", "height": 12, "ascent": 10, "chars": ["\uE98B"], "file": "gui/pot/guster.png" },
		{ "type": "bitmap", "height": 12, "ascent": 10, "chars": ["\uE98C"], "file": "gui/pot/flow.png" },
		{ "type": "bitmap", "height": 12, "ascent": 10, "chars": ["\uE98D"], "file": "gui/pot/scrape.png" },
		
		{ "type": "bitmap", "height": 10, "ascent": 8, "chars": ["\uE98E"], "file": "gui/banner/border.png" },
		{ "type": "bitmap", "height": 10, "ascent": 8, "chars": ["\uE98F"], "file": "gui/banner/bricks.png" },
		{ "type": "bitmap", "height": 10, "ascent": 8, "chars": ["\uE99A"], "file": "gui/banner/circle.png" },
		{ "type": "bitmap", "height": 10, "ascent": 8, "chars": ["\uE99B"], "file": "gui/banner/creeper.png" },
		{ "type": "bitmap", "height": 10, "ascent": 8, "chars": ["\uE99C"], "file": "gui/banner/cross.png" },
		{ "type": "bitmap", "height": 10, "ascent": 8, "chars": ["\uE99D"], "file": "gui/banner/curly_border.png" },
		{ "type": "bitmap", "height": 10, "ascent": 8, "chars": ["\uE99E"], "file": "gui/banner/diagonal_left.png" },
		{ "type": "bitmap", "height": 10, "ascent": 8, "chars": ["\uE99F"], "file": "gui/banner/diagonal_right.png" },
		{ "type": "bitmap", "height": 10, "ascent": 8, "chars": ["\uE7A2"], "file": "gui/banner/diagonal_up_left.png" },
		{ "type": "bitmap", "height": 10, "ascent": 8, "chars": ["\uE7B2"], "file": "gui/banner/diagonal_up_right.png" },
		{ "type": "bitmap", "height": 10, "ascent": 8, "chars": ["\uE7C2"], "file": "gui/banner/flow.png" },
		{ "type": "bitmap", "height": 10, "ascent": 8, "chars": ["\uE7D2"], "file": "gui/banner/flower.png" },
		{ "type": "bitmap", "height": 10, "ascent": 8, "chars": ["\uE7E2"], "file": "gui/banner/globe.png" },
		{ "type": "bitmap", "height": 10, "ascent": 8, "chars": ["\uE7A3"], "file": "gui/banner/gradient.png" },
		{ "type": "bitmap", "height": 10, "ascent": 8, "chars": ["\uE7F2"], "file": "gui/banner/gradient_up.png" },
		{ "type": "bitmap", "height": 10, "ascent": 8, "chars": ["\uE7B3"], "file": "gui/banner/guster.png" },
		{ "type": "bitmap", "height": 10, "ascent": 8, "chars": ["\uE7D3"], "file": "gui/banner/half_horizontal.png" },
		{ "type": "bitmap", "height": 10, "ascent": 8, "chars": ["\uE7C3"], "file": "gui/banner/half_horizontal_bottom.png" },
		{ "type": "bitmap", "height": 10, "ascent": 8, "chars": ["\uE7F3"], "file": "gui/banner/half_vertical.png" },
		{ "type": "bitmap", "height": 10, "ascent": 8, "chars": ["\uE7E3"], "file": "gui/banner/half_vertical_right.png" },
		{ "type": "bitmap", "height": 10, "ascent": 8, "chars": ["\uE7A4"], "file": "gui/banner/mojang.png" },
		{ "type": "bitmap", "height": 10, "ascent": 8, "chars": ["\uE7B4"], "file": "gui/banner/piglin.png" },
		{ "type": "bitmap", "height": 10, "ascent": 8, "chars": ["\uE7C4"], "file": "gui/banner/rhombus.png" },
		{ "type": "bitmap", "height": 10, "ascent": 8, "chars": ["\uE7D4"], "file": "gui/banner/skull.png" },
		{ "type": "bitmap", "height": 10, "ascent": 8, "chars": ["\uE7E4"], "file": "gui/banner/small_stripes.png" },
		{ "type": "bitmap", "height": 10, "ascent": 8, "chars": ["\uE7F4"], "file": "gui/banner/square_bottom_left.png" },
		{ "type": "bitmap", "height": 10, "ascent": 8, "chars": ["\uE7A5"], "file": "gui/banner/square_bottom_right.png" },
		{ "type": "bitmap", "height": 10, "ascent": 8, "chars": ["\uE7B5"], "file": "gui/banner/square_top_left.png" },
		{ "type": "bitmap", "height": 10, "ascent": 8, "chars": ["\uE7C5"], "file": "gui/banner/square_top_right.png" },
		{ "type": "bitmap", "height": 10, "ascent": 8, "chars": ["\uE7D5"], "file": "gui/banner/straight_cross.png" },
		{ "type": "bitmap", "height": 10, "ascent": 8, "chars": ["\uE7E5"], "file": "gui/banner/stripe_bottom.png" },
		{ "type": "bitmap", "height": 10, "ascent": 8, "chars": ["\uE7F5"], "file": "gui/banner/stripe_center.png" },
		{ "type": "bitmap", "height": 10, "ascent": 8, "chars": ["\uE7A6"], "file": "gui/banner/stripe_downleft.png" },
		{ "type": "bitmap", "height": 10, "ascent": 8, "chars": ["\uE7B6"], "file": "gui/banner/stripe_downright.png" },
		{ "type": "bitmap", "height": 10, "ascent": 8, "chars": ["\uE7C6"], "file": "gui/banner/stripe_left.png" },
		{ "type": "bitmap", "height": 10, "ascent": 8, "chars": ["\uE7D6"], "file": "gui/banner/stripe_middle.png" },
		{ "type": "bitmap", "height": 10, "ascent": 8, "chars": ["\uE7E6"], "file": "gui/banner/stripe_right.png" },
		{ "type": "bitmap", "height": 10, "ascent": 8, "chars": ["\uE7F6"], "file": "gui/banner/stripe_top.png" },
		{ "type": "bitmap", "height": 10, "ascent": 8, "chars": ["\uE7A7"], "file": "gui/banner/triangle_bottom.png" },
		{ "type": "bitmap", "height": 10, "ascent": 8, "chars": ["\uE7B7"], "file": "gui/banner/triangle_top.png" },
		{ "type": "bitmap", "height": 10, "ascent": 8, "chars": ["\uE7C7"], "file": "gui/banner/triangles_bottom.png" },
		{ "type": "bitmap", "height": 10, "ascent": 8, "chars": ["\uE7D7"], "file": "gui/banner/triangles_top.png" },
		
		{ "type": "bitmap", "height": 12, "ascent": 10, "chars": ["\uE78A"], "file": "gui/fish/anemone.png" },
		{ "type": "bitmap", "height": 12, "ascent": 10, "chars": ["\uE78B"], "file": "gui/fish/black_tang.png" },
		{ "type": "bitmap", "height": 12, "ascent": 10, "chars": ["\uE78C"], "file": "gui/fish/blue_tang.png" },
		{ "type": "bitmap", "height": 12, "ascent": 10, "chars": ["\uE78D"], "file": "gui/fish/butterflyfish.png" },
		{ "type": "bitmap", "height": 12, "ascent": 10, "chars": ["\uE78E"], "file": "gui/fish/cichlid.png" },
		{ "type": "bitmap", "height": 12, "ascent": 10, "chars": ["\uE78F"], "file": "gui/fish/clownfish.png" },
		{ "type": "bitmap", "height": 12, "ascent": 10, "chars": ["\uE79A"], "file": "gui/fish/cotton_candy_betta.png" },
		{ "type": "bitmap", "height": 12, "ascent": 10, "chars": ["\uE79B"], "file": "gui/fish/dottyback.png" },
		{ "type": "bitmap", "height": 12, "ascent": 10, "chars": ["\uE79C"], "file": "gui/fish/emporor_red_snapper.png" },
		{ "type": "bitmap", "height": 12, "ascent": 10, "chars": ["\uE79D"], "file": "gui/fish/goatfish.png" },
		{ "type": "bitmap", "height": 12, "ascent": 10, "chars": ["\uE79E"], "file": "gui/fish/moorish_idol.png" },
		{ "type": "bitmap", "height": 12, "ascent": 10, "chars": ["\uE79F"], "file": "gui/fish/ornate_butterflyfish.png" },
		{ "type": "bitmap", "height": 12, "ascent": 10, "chars": ["\uE80A"], "file": "gui/fish/parrotfish.png" },
		{ "type": "bitmap", "height": 12, "ascent": 10, "chars": ["\uE80B"], "file": "gui/fish/queen_angelfish.png" },
		{ "type": "bitmap", "height": 12, "ascent": 10, "chars": ["\uE80C"], "file": "gui/fish/red_cichlid.png" },
		{ "type": "bitmap", "height": 12, "ascent": 10, "chars": ["\uE80D"], "file": "gui/fish/red_lipped_blenny.png" },
		{ "type": "bitmap", "height": 12, "ascent": 10, "chars": ["\uE80E"], "file": "gui/fish/red_snapper.png" },
		{ "type": "bitmap", "height": 12, "ascent": 10, "chars": ["\uE80F"], "file": "gui/fish/threadfin.png" },
		{ "type": "bitmap", "height": 12, "ascent": 10, "chars": ["\uE81A"], "file": "gui/fish/tomato_clownfish.png" },
		{ "type": "bitmap", "height": 12, "ascent": 10, "chars": ["\uE81B"], "file": "gui/fish/triggerfish.png" },
		{ "type": "bitmap", "height": 12, "ascent": 10, "chars": ["\uE81C"], "file": "gui/fish/yellow_tang.png" },
		{ "type": "bitmap", "height": 12, "ascent": 10, "chars": ["\uE81D"], "file": "gui/fish/yellowtail_parrotfish.png" },
		{ "type": "bitmap", "height": 12, "ascent": 10, "chars": ["\uE81E"], "file": "gui/fish/pattern_betty.png" },
		{ "type": "bitmap", "height": 12, "ascent": 10, "chars": ["\uE81F"], "file": "gui/fish/pattern_blockfish.png" },
		{ "type": "bitmap", "height": 12, "ascent": 10, "chars": ["\uE82A"], "file": "gui/fish/pattern_brinely.png" },
		{ "type": "bitmap", "height": 12, "ascent": 10, "chars": ["\uE82B"], "file": "gui/fish/pattern_clayfish.png" },
		{ "type": "bitmap", "height": 12, "ascent": 10, "chars": ["\uE82C"], "file": "gui/fish/pattern_dasher.png" },
		{ "type": "bitmap", "height": 12, "ascent": 10, "chars": ["\uE82D"], "file": "gui/fish/pattern_flopper.png" },
		{ "type": "bitmap", "height": 12, "ascent": 10, "chars": ["\uE82E"], "file": "gui/fish/pattern_glitter.png" },
		{ "type": "bitmap", "height": 12, "ascent": 10, "chars": ["\uE82F"], "file": "gui/fish/pattern_kob.png" },
		{ "type": "bitmap", "height": 12, "ascent": 10, "chars": ["\uE83A"], "file": "gui/fish/pattern_snooper.png" },
		{ "type": "bitmap", "height": 12, "ascent": 10, "chars": ["\uE83B"], "file": "gui/fish/pattern_spotty.png" },
		{ "type": "bitmap", "height": 12, "ascent": 10, "chars": ["\uE83C"], "file": "gui/fish/pattern_stripey.png" },
		{ "type": "bitmap", "height": 12, "ascent": 10, "chars": ["\uE83D"], "file": "gui/fish/pattern_sunstreak.png" }
	]
}
